l_english:
 near_molagreahd_area: "Near Molagreahd"
 far_molagreahd_area: "Far Molagreahd"
 telvanni_isles_area: "Telvanni Isles"
 helnim_area: "Helnim Land"
 aranyon_area: "Aranyon"
 lake_boethiah_area: "Boethian Shore"
 west_boethiah_area: "West Boethiah"
 telvannis_region: "Telvannis"
 sacred_lands_area: "Sacred Lands"
 spine_of_nezuad_area: "Spine of Nezuad"
 akasunde_area: "Akasund"
 orethan_area: "Orethan"
 daimon_coast_area: "Retothril"
 almalexia_area: "Almalexia"
 kanadesit_area: "Kanadesit"
 east_thirr_area: "East Thirr"
 indoril_region: "Indorith"
 jer_ahkrin_area: "Jer Ahkrin"
 uvonaak_area: "Uvonaak"
 kragenmoor_area: "Kragen Valus"
 south_morrowind_region: "Argonian Borders"
 west_thirr_area: "West Thirr"
 roth_roryn_area: "Roth Roryn"
 armun_area: "Armun"
 morimath_area: "Morimath"
 solstheim_area: "Solstheim"
 coastal_indar_area: "Coastal Indar"
 mid_veloth_area: "Mid Veloth"
 redoran_area: "Baan Malur"
 kagrenzel_area: "Kagrenzel"
 veloth_region: "Veloth"
 bitter_coast_area: "Bitter Coast"
 ascadia_area: "Ascadia"
 odai_area: "Odai-Nabia"
 molag_amur_area: "Molag Amur"
 zafirbel_area: "Azura's Coast"
 grazelands_area: "Grazelands"
 west_gash_area: "West Gash"
 sheogorad_area: "Sheogorad"
 north_vvardenfell_area: "North Vvardenfell"
 north_ashlands_area: "West Ashlands"
 vvardenfell_region: "Vvardenfell"
 morrowind_superregion: "Morrowind"
 north_seydahnil_area: "North Seydahnil"
 south_seydahnil_area: "South Seydahnil"
 darkmoor_area: "Darkmoor"
 axadnia_area: "Axadnia"
 kulania_area: "Kulania"
 kynokhia_region: "Kynokhia"
 kamanai_area: "Kamanai"
 ok_nanha_area: "Ok-Nanha"
 clawreach_area: "Clawreach"
 karanake_area: "Karanake"
 north_hjalokh_area: "Paatru-Agaceph"
 lake_hjalokh_area: "Hjalok Lakes"
 sikiha_area: "Sikiha"
 argonian_wastelands_area: "Murkwood-Talu"
 karanakh_region: "Deep Argonia"
 arnesia_area: "Arnesia"
 north_atronium_area: "Wamasus-Reaven"
 xi_helai_area: "Xi Helai"
 klamabe_area: "Klamabe"
 firewalk_area: "Firewalk"
 atron_region: "Atronia"
 argonia_superregion: "Argonia"
 kagrenzel_area: "Kagrenzel"
 eastmarch_volcanic_area: "Eastmarch"
 eastmarch_river_area: "White Eastmarch"
 whiterun_area: "Whiterun"
 yorgrim_area: "Yorgrim"
 winterhold_area: "Winterhold"
 north_pale_area: "North Pale"
 old_skyrim_region: "Old Skyrim"
 north_falkreath_area: "North Falkreath"
 south_falkreath_area: "South Falkreath"
 skyrim_jeralls_area: "Skyrim Jeralls"
 north_rift_area: "North Rift"
 south_rift_area: "South Rift"
 geirland_area: "Geirland"
 south_skyrim_region: "South Skyrim"
 rorikstead_area: "Rorikstead"
 hjaalmarch_area: "Hjaalmarch"
 east_haafingar_area: "East Haafingar"
 west_haafingar_area: "West Haafingar"
 markarth_area: "Markarth"
 karthwasten_area: "Karthwasten"
 haafinheim_region: "Haafinheim"
 skyrim_superregion: "Skyrim"
 
 anvil_area: "Anvil"
 n_goldcoast_area: "North Gold Coast"
 w_colovian_highlands_area: "Colovian Highlands"
 kvatch_area: "Kvatch"
 shardrock_area: "Shardrock"
 chorrol_area: "Chorrol"
 w_jeralls_area: "West Jeralls"
 glademist_area: "Glademist"
 hackdirt_area: "Hackdirt"
 e_jeralls_area: "East Jeralls"
 bleakers_way_area: "Bleaker's Way"
 cheydinhal_area: "Cheydinhal"
 n_valus_area: "North Valus"
 hame_area: "Hame"
 cropsford_area: "Cropsford"
 drakelowe_area: "Drakelowe"
 borderwatch_area: "Borderwatch"
 topal_bay_area: "Topal Bay"
 blackwood_area: "Blackwood"
 s_valus_area: "South Valus"
 altar_valley_area: "Altar Valley"
 skingrad_area: "Skingrad"
 valen_border_area: "Valenwood-Elseweyr Border"
 nornalhorst_area: "Nornalhorst"
 city_isle_area: "City Isle"
 weye_area: "Weye"
 e_heartlands_area: "East Heartlands"
 n_heartlands_area: "North Heartlands"
 pells_gate_area: "Pell's Gate"
 alessia_area: "Alessia"
 w_niben_area: "West Niben Valley"
 e_niben_area: "East Niben Valley"
 anvil_region: "Anvil"
 kvatch_region: "Kvatch"
 chorrol_region: "Chorrol"
 bruma_region: "Bruma"
 cheydinhal_region: "Cheydinhal"
 leyawiin_region: "Leyawiin"
 skingrad_region: "Skingrad"
 heartlands_region: "Heartlands"
 bravil_region: "Bravil"
 cyrodiil_superregion: "Cyrodiil"
 