l_english:
 near_molagreahd_area_name: "Near Molagreahd"
 far_molagreahd_area_name: "Far Molagreahd"
 telvanni_isles_area_name: "Telvanni Isles"
 helnim_area_name: "Helnim Land"
 aranyon_area_name: "Aranyon"
 lake_boethiah_area_name: "Boethian Shore"
 west_boethiah_area_name: "West Boethiah"
 telvannis_region_name: "Telvannis"
 sacred_lands_area_name: "Sacred Lands"
 spine_of_nezuad_area_name: "Spine of Nezuad"
 akasunde_area_name: "Akasund"
 orethan_area_name: "Orethan"
 daimon_coast_area_name: "Retothril"
 almalexia_area_name: "Almalexia"
 kanadesit_area_name: "Kanadesit"
 east_thirr_area_name: "East Thirr"
 indoril_region_name: "Indorith"
 jer_ahkrin_area_name: "Jer Ahkrin"
 uvonaak_area_name: "Uvonaak"
 kragenmoor_area_name: "Kragen Valus"
 south_morrowind_region_name: "Argonian Borders"
 west_thirr_area_name: "West Thirr"
 roth_roryn_area_name: "Roth Roryn"
 armun_area_name: "Armun"
 morimath_area_name: "Morimath"
 solstheim_area_name: "Solstheim"
 coastal_indar_area_name: "Coastal Indar"
 mid_veloth_area_name: "Mid Veloth"
 redoran_area_name: "Baan Malur"
 kagrenzel_area_name: "Kagrenzel"
 veloth_region_name: "Veloth"
 bitter_coast_area_name: "Bitter Coast"
 ascadia_area_name: "Ascadia"
 odai_area_name: "Odai-Nabia"
 molag_amur_area_name: "Molag Amur"
 zafirbel_area_name: "Azura's Coast"
 grazelands_area_name: "Grazelands"
 west_gash_area_name: "West Gash"
 sheogorad_area_name: "Sheogorad"
 north_vvardenfell_area_name: "North Vvardenfell"
 north_ashlands_area_name: "West Ashlands"
 vvardenfell_region_name: "Vvardenfell"
 morrowind_superregion_name: "Morrowind"
 north_seydahnil_area_name: "North Seydahnil"
 south_seydahnil_area_name: "South Seydahnil"
 darkmoor_area_name: "Darkmoor"
 axadnia_area_name: "Axadnia"
 kulania_area_name: "Kulania"
 kynokhia_region_name: "Kynokhia"
 kamanai_area_name: "Kamanai"
 ok_nanha_area_name: "Ok-Nanha"
 clawreach_area_name: "Clawreach"
 karanake_area_name: "Karanake"
 north_hjalokh_area_name: "Paatru-Agaceph"
 lake_hjalokh_area_name: "Hjalok Lakes"
 sikiha_area_name: "Sikiha"
 argonian_wastelands_area_name: "Murkwood-Talu"
 karanakh_region_name: "Deep Argonia"
 arnesia_area_name: "Arnesia"
 north_atronium_area_name: "Wamasus-Reaven"
 xi_helai_area_name: "Xi Helai"
 klamabe_area_name: "Klamabe"
 firewalk_area_name: "Firewalk"
 atron_region_name: "Atronia"
 argonia_superregion_name: "Argonia"
 kagrenzel_area_name: "Kagrenzel"
 eastmarch_volcanic_area_name: "Eastmarch"
 eastmarch_river_area_name: "White Eastmarch"
 whiterun_area_name: "Whiterun"
 yorgrim_area_name: "Yorgrim"
 winterhold_area_name: "Winterhold"
 north_pale_area_name: "North Pale"
 old_skyrim_region_name: "Old Skyrim"
 north_falkreath_area_name: "North Falkreath"
 south_falkreath_area_name: "South Falkreath"
 skyrim_jeralls_area_name: "Skyrim Jeralls"
 north_rift_area_name: "North Rift"
 south_rift_area_name: "South Rift"
 geirland_area_name: "Geirland"
 south_skyrim_region_name: "South Skyrim"
 rorikstead_area_name: "Rorikstead"
 hjaalmarch_area_name: "Hjaalmarch"
 east_haafingar_area_name: "East Haafingar"
 west_haafingar_area_name: "West Haafingar"
 markarth_area_name: "Markarth"
 karthwasten_area_name: "Karthwasten"
 haafinheim_region_name: "Haafinheim"
 skyrim_superregion_name: "Skyrim"
 
 anvil_area_name: "Anvil"
 n_goldcoast_area_name: "North Gold Coast"
 w_colovian_highlands_area_name: "Colovian Highlands"
 kvatch_area_name: "Kvatch"
 shardrock_area_name: "Shardrock"
 chorrol_area_name: "Chorrol"
 w_jeralls_area_name: "West Jeralls"
 glademist_area_name: "Glademist"
 hackdirt_area_name: "Hackdirt"
 e_jeralls_area_name: "East Jeralls"
 bleakers_way_area_name: "Bleaker's Way"
 cheydinhal_area_name: "Cheydinhal"
 n_valus_area_name: "North Valus"
 hame_area_name: "Hame"
 cropsford_area_name: "Cropsford"
 drakelowe_area_name: "Drakelowe"
 borderwatch_area_name: "Borderwatch"
 topal_bay_area_name: "Topal Bay"
 blackwood_area_name: "Blackwood"
 s_valus_area_name: "South Valus"
 altar_valley_area_name: "Altar Valley"
 skingrad_area_name: "Skingrad"
 valen_border_area_name: "Valenwood-Elsweyr Border"
 nornalhorst_area_name: "Nornalhorst"
 city_isle_area_name: "City Isle"
 weye_area_name: "Weye"
 e_heartlands_area_name: "East Heartlands"
 n_heartlands_area_name: "North Heartlands"
 pells_gate_area_name: "Pell's Gate"
 alessia_area_name: "Alessia"
 w_niben_area_name: "West Niben Valley"
 e_niben_area_name: "East Niben Valley"
 anvil_region_name: "Anvil"
 kvatch_region_name: "Kvatch"
 chorrol_region_name: "Chorrol"
 bruma_region_name: "Bruma"
 cheydinhal_region_name: "Cheydinhal"
 leyawiin_region_name: "Leyawiin"
 skingrad_region_name: "Skingrad"
 heartlands_region_name: "Heartlands"
 bravil_region_name: "Bravil"
 cyrodiil_superregion_name: "Cyrodiil"
 